handValue,percent
8,0.000111
9,0.001333
10,0.003556
11,0.009000
12,2.633222
13,4.306556
14,4.216000
15,4.132667
16,4.041000
17,11.987222
18,12.366333
19,11.702667
20,16.311111
21,10.419222
22,5.029556
23,3.989778
24,3.475111
25,2.984667
26,2.390889